CustomerID,CustomerName,JoinDate
CUST0001,Customer 1,2022-10-18
CUST0002,Customer 2,2022-07-31
CUST0003,Customer 3,2023-04-17
CUST0004,Customer 4,2022-07-07
CUST0005,Customer 5,2022-06-12
CUST0006,Customer 6,2022-11-11
CUST0007,Customer 7,2023-04-27
CUST0008,Customer 8,2023-04-23
CUST0009,Customer 9,2022-11-23
CUST0010,Customer 10,2022-02-14
CUST0011,Customer 11,2023-03-05
CUST0012,Customer 12,2024-08-26
CUST0013,Customer 13,2022-10-13
CUST0014,Customer 14,2023-11-21
CUST0015,Customer 15,2022-01-23
CUST0016,Customer 16,2024-04-04
CUST0017,Customer 17,2023-11-14
CUST0018,Customer 18,2022-11-08
CUST0019,Customer 19,2022-12-22
CUST0020,Customer 20,2022-08-04
CUST0021,Customer 21,2023-10-14
CUST0022,Customer 22,2023-08-03
CUST0023,Customer 23,2022-02-22
CUST0024,Customer 24,2023-07-01
CUST0025,Customer 25,2024-08-06
CUST0026,Customer 26,2022-09-21
CUST0027,Customer 27,2022-09-09
CUST0028,Customer 28,2022-08-24
CUST0029,Customer 29,2022-06-03
CUST0030,Customer 30,2023-02-02
CUST0031,Customer 31,2023-03-24
CUST0032,Customer 32,2022-05-23
CUST0033,Customer 33,2022-01-07
CUST0034,Customer 34,2022-05-13
CUST0035,Customer 35,2022-05-18
CUST0036,Customer 36,2023-07-10
CUST0037,Customer 37,2024-08-24
CUST0038,Customer 38,2024-01-29
CUST0039,Customer 39,2023-12-06
CUST0040,Customer 40,2024-01-13
CUST0041,Customer 41,2024-05-02
CUST0042,Customer 42,2024-07-01
CUST0043,Customer 43,2022-12-12
CUST0044,Customer 44,2024-06-01
CUST0045,Customer 45,2023-12-08
CUST0046,Customer 46,2024-04-01
CUST0047,Customer 47,2022-03-05
CUST0048,Customer 48,2022-05-05
CUST0049,Customer 49,2022-04-23
CUST0050,Customer 50,2022-01-18
CUST0051,Customer 51,2023-05-12
CUST0052,Customer 52,2023-07-11
CUST0053,Customer 53,2022-07-24
CUST0054,Customer 54,2024-08-08
CUST0055,Customer 55,2024-08-31
CUST0056,Customer 56,2023-12-19
CUST0057,Customer 57,2022-11-27
CUST0058,Customer 58,2023-02-06
CUST0059,Customer 59,2023-05-13
CUST0060,Customer 60,2024-06-07
CUST0061,Customer 61,2024-02-06
CUST0062,Customer 62,2023-02-26
CUST0063,Customer 63,2023-08-10
CUST0064,Customer 64,2023-12-21
CUST0065,Customer 65,2024-02-28
CUST0066,Customer 66,2023-12-22
CUST0067,Customer 67,2023-10-01
CUST0068,Customer 68,2023-05-27
CUST0069,Customer 69,2022-09-18
CUST0070,Customer 70,2023-10-06
CUST0071,Customer 71,2022-07-11
CUST0072,Customer 72,2023-12-12
CUST0073,Customer 73,2024-01-28
CUST0074,Customer 74,2022-05-05
CUST0075,Customer 75,2023-06-05
CUST0076,Customer 76,2022-02-13
CUST0077,Customer 77,2024-04-17
CUST0078,Customer 78,2023-08-27
CUST0079,Customer 79,2022-07-09
CUST0080,Customer 80,2022-06-18
CUST0081,Customer 81,2024-03-24
CUST0082,Customer 82,2024-01-10
CUST0083,Customer 83,2023-02-04
CUST0084,Customer 84,2023-01-19
CUST0085,Customer 85,2023-11-09
CUST0086,Customer 86,2022-03-07
CUST0087,Customer 87,2023-04-26
CUST0088,Customer 88,2023-09-15
CUST0089,Customer 89,2024-02-10
CUST0090,Customer 90,2022-01-06
CUST0091,Customer 91,2022-07-06
CUST0092,Customer 92,2023-08-13
CUST0093,Customer 93,2022-05-31
CUST0094,Customer 94,2023-12-27
CUST0095,Customer 95,2023-12-30
CUST0096,Customer 96,2023-08-24
CUST0097,Customer 97,2024-04-19
CUST0098,Customer 98,2024-01-27
CUST0099,Customer 99,2023-12-09
CUST0100,Customer 100,2022-03-23
CUST0101,Customer 101,2024-03-22
CUST0102,Customer 102,2024-07-22
CUST0103,Customer 103,2022-06-13
CUST0104,Customer 104,2023-05-02
CUST0105,Customer 105,2024-01-20
CUST0106,Customer 106,2022-11-25
CUST0107,Customer 107,2024-09-02
CUST0108,Customer 108,2024-01-25
CUST0109,Customer 109,2023-02-24
CUST0110,Customer 110,2022-04-10
CUST0111,Customer 111,2024-06-16
CUST0112,Customer 112,2022-08-07
CUST0113,Customer 113,2023-01-23
CUST0114,Customer 114,2023-10-27
CUST0115,Customer 115,2023-09-20
CUST0116,Customer 116,2022-09-17
CUST0117,Customer 117,2022-01-14
CUST0118,Customer 118,2024-05-24
CUST0119,Customer 119,2022-08-17
CUST0120,Customer 120,2024-01-21
CUST0121,Customer 121,2023-08-29
CUST0122,Customer 122,2023-09-04
CUST0123,Customer 123,2023-08-11
CUST0124,Customer 124,2023-11-26
CUST0125,Customer 125,2023-04-21
CUST0126,Customer 126,2024-05-04
CUST0127,Customer 127,2023-05-02
CUST0128,Customer 128,2023-11-24
CUST0129,Customer 129,2022-07-15
CUST0130,Customer 130,2023-07-12
CUST0131,Customer 131,2022-03-05
CUST0132,Customer 132,2024-08-05
CUST0133,Customer 133,2024-03-21
CUST0134,Customer 134,2023-04-03
CUST0135,Customer 135,2022-08-13
CUST0136,Customer 136,2023-06-12
CUST0137,Customer 137,2022-02-22
CUST0138,Customer 138,2023-05-12
CUST0139,Customer 139,2022-10-04
CUST0140,Customer 140,2024-03-19
CUST0141,Customer 141,2023-05-24
CUST0142,Customer 142,2022-01-26
CUST0143,Customer 143,2022-06-26
CUST0144,Customer 144,2022-04-17
CUST0145,Customer 145,2023-07-18
CUST0146,Customer 146,2022-08-24
CUST0147,Customer 147,2022-02-05
CUST0148,Customer 148,2022-07-10
CUST0149,Customer 149,2023-07-28
CUST0150,Customer 150,2024-06-14
CUST0151,Customer 151,2022-01-23
CUST0152,Customer 152,2023-01-15
CUST0153,Customer 153,2023-05-01
CUST0154,Customer 154,2022-08-18
CUST0155,Customer 155,2024-01-13
CUST0156,Customer 156,2023-11-24
CUST0157,Customer 157,2022-02-28
CUST0158,Customer 158,2023-10-17
CUST0159,Customer 159,2022-01-04
CUST0160,Customer 160,2022-05-05
CUST0161,Customer 161,2022-02-18
CUST0162,Customer 162,2023-11-19
CUST0163,Customer 163,2023-01-15
CUST0164,Customer 164,2023-12-24
CUST0165,Customer 165,2022-09-20
CUST0166,Customer 166,2023-02-14
CUST0167,Customer 167,2024-02-28
CUST0168,Customer 168,2024-08-03
CUST0169,Customer 169,2022-08-24
CUST0170,Customer 170,2023-02-15
CUST0171,Customer 171,2022-09-27
CUST0172,Customer 172,2024-08-01
CUST0173,Customer 173,2024-07-05
CUST0174,Customer 174,2023-04-06
CUST0175,Customer 175,2024-04-22
CUST0176,Customer 176,2024-06-14
CUST0177,Customer 177,2023-11-08
CUST0178,Customer 178,2023-06-16
CUST0179,Customer 179,2023-09-04
CUST0180,Customer 180,2022-04-05
CUST0181,Customer 181,2022-08-24
CUST0182,Customer 182,2023-06-03
CUST0183,Customer 183,2023-08-04
CUST0184,Customer 184,2023-03-18
CUST0185,Customer 185,2024-02-09
CUST0186,Customer 186,2024-08-07
CUST0187,Customer 187,2022-03-23
CUST0188,Customer 188,2022-12-30
CUST0189,Customer 189,2022-10-02
CUST0190,Customer 190,2024-02-11
CUST0191,Customer 191,2022-09-27
CUST0192,Customer 192,2022-01-06
CUST0193,Customer 193,2023-03-25
CUST0194,Customer 194,2023-12-21
CUST0195,Customer 195,2023-02-21
CUST0196,Customer 196,2022-01-21
CUST0197,Customer 197,2024-02-22
CUST0198,Customer 198,2022-08-25
CUST0199,Customer 199,2024-06-05
CUST0200,Customer 200,2023-06-09
CUST0201,Customer 201,2023-12-21
CUST0202,Customer 202,2023-03-04
CUST0203,Customer 203,2023-06-02
CUST0204,Customer 204,2023-05-10
CUST0205,Customer 205,2024-04-06
CUST0206,Customer 206,2024-02-10
CUST0207,Customer 207,2024-07-06
CUST0208,Customer 208,2022-05-23
CUST0209,Customer 209,2023-09-17
CUST0210,Customer 210,2023-03-30
CUST0211,Customer 211,2024-04-28
CUST0212,Customer 212,2023-03-30
CUST0213,Customer 213,2024-05-27
CUST0214,Customer 214,2022-10-04
CUST0215,Customer 215,2022-01-28
CUST0216,Customer 216,2023-10-01
CUST0217,Customer 217,2024-08-30
CUST0218,Customer 218,2022-10-25
CUST0219,Customer 219,2022-02-27
CUST0220,Customer 220,2023-06-27
CUST0221,Customer 221,2022-12-03
CUST0222,Customer 222,2023-07-12
CUST0223,Customer 223,2022-07-29
CUST0224,Customer 224,2022-10-25
CUST0225,Customer 225,2023-06-11
CUST0226,Customer 226,2024-06-08
CUST0227,Customer 227,2023-12-31
CUST0228,Customer 228,2023-06-26
CUST0229,Customer 229,2024-01-29
CUST0230,Customer 230,2024-02-28
CUST0231,Customer 231,2022-04-25
CUST0232,Customer 232,2022-08-19
CUST0233,Customer 233,2024-09-09
CUST0234,Customer 234,2024-06-21
CUST0235,Customer 235,2023-07-31
CUST0236,Customer 236,2023-09-26
CUST0237,Customer 237,2023-02-28
CUST0238,Customer 238,2022-04-08
CUST0239,Customer 239,2022-08-01
CUST0240,Customer 240,2022-03-01
CUST0241,Customer 241,2023-09-19
CUST0242,Customer 242,2024-05-22
CUST0243,Customer 243,2024-09-12
CUST0244,Customer 244,2022-11-04
CUST0245,Customer 245,2023-11-02
CUST0246,Customer 246,2023-07-30
CUST0247,Customer 247,2024-05-31
CUST0248,Customer 248,2023-06-12
CUST0249,Customer 249,2023-07-31
CUST0250,Customer 250,2022-08-04
CUST0251,Customer 251,2024-06-03
CUST0252,Customer 252,2024-07-18
CUST0253,Customer 253,2023-01-15
CUST0254,Customer 254,2024-05-20
CUST0255,Customer 255,2022-10-22
CUST0256,Customer 256,2024-03-14
CUST0257,Customer 257,2023-08-24
CUST0258,Customer 258,2022-03-29
CUST0259,Customer 259,2024-06-01
CUST0260,Customer 260,2022-11-21
CUST0261,Customer 261,2022-08-07
CUST0262,Customer 262,2022-03-01
CUST0263,Customer 263,2022-11-03
CUST0264,Customer 264,2023-04-26
CUST0265,Customer 265,2023-08-26
CUST0266,Customer 266,2022-05-14
CUST0267,Customer 267,2023-08-14
CUST0268,Customer 268,2023-07-03
CUST0269,Customer 269,2023-04-24
CUST0270,Customer 270,2023-10-04
CUST0271,Customer 271,2023-07-18
CUST0272,Customer 272,2023-10-14
CUST0273,Customer 273,2022-04-10
CUST0274,Customer 274,2024-05-23
CUST0275,Customer 275,2024-05-14
CUST0276,Customer 276,2024-02-18
CUST0277,Customer 277,2023-07-16
CUST0278,Customer 278,2022-01-17
CUST0279,Customer 279,2024-08-08
CUST0280,Customer 280,2022-01-13
CUST0281,Customer 281,2023-02-17
CUST0282,Customer 282,2022-01-05
CUST0283,Customer 283,2024-02-24
CUST0284,Customer 284,2024-04-16
CUST0285,Customer 285,2023-07-12
CUST0286,Customer 286,2023-09-26
CUST0287,Customer 287,2022-06-02
CUST0288,Customer 288,2022-10-29
CUST0289,Customer 289,2022-09-13
CUST0290,Customer 290,2024-02-10
CUST0291,Customer 291,2024-04-06
CUST0292,Customer 292,2023-06-08
CUST0293,Customer 293,2022-04-28
CUST0294,Customer 294,2023-12-10
CUST0295,Customer 295,2023-07-18
CUST0296,Customer 296,2022-01-17
CUST0297,Customer 297,2022-12-16
CUST0298,Customer 298,2023-05-29
CUST0299,Customer 299,2022-02-07
CUST0300,Customer 300,2023-02-16
CUST0301,Customer 301,2024-06-19
CUST0302,Customer 302,2023-06-17
CUST0303,Customer 303,2022-11-12
CUST0304,Customer 304,2023-05-18
CUST0305,Customer 305,2023-10-02
CUST0306,Customer 306,2024-03-07
CUST0307,Customer 307,2023-11-01
CUST0308,Customer 308,2024-06-18
CUST0309,Customer 309,2022-02-10
CUST0310,Customer 310,2022-11-12
CUST0311,Customer 311,2024-01-05
CUST0312,Customer 312,2024-05-03
CUST0313,Customer 313,2024-02-09
CUST0314,Customer 314,2024-01-29
CUST0315,Customer 315,2023-06-12
CUST0316,Customer 316,2023-05-26
CUST0317,Customer 317,2023-12-25
CUST0318,Customer 318,2023-02-06
CUST0319,Customer 319,2022-03-14
CUST0320,Customer 320,2023-10-28
CUST0321,Customer 321,2024-01-28
CUST0322,Customer 322,2024-02-05
CUST0323,Customer 323,2022-04-10
CUST0324,Customer 324,2023-09-30
CUST0325,Customer 325,2023-04-10
CUST0326,Customer 326,2022-05-16
CUST0327,Customer 327,2023-11-10
CUST0328,Customer 328,2024-04-09
CUST0329,Customer 329,2023-05-18
CUST0330,Customer 330,2022-04-22
CUST0331,Customer 331,2023-01-01
CUST0332,Customer 332,2022-07-02
CUST0333,Customer 333,2024-04-11
CUST0334,Customer 334,2024-04-23
CUST0335,Customer 335,2022-03-23
CUST0336,Customer 336,2022-12-10
CUST0337,Customer 337,2023-08-10
CUST0338,Customer 338,2023-02-08
CUST0339,Customer 339,2022-08-03
CUST0340,Customer 340,2022-08-30
CUST0341,Customer 341,2023-12-25
CUST0342,Customer 342,2022-08-21
CUST0343,Customer 343,2024-07-17
CUST0344,Customer 344,2023-07-14
CUST0345,Customer 345,2024-08-10
CUST0346,Customer 346,2024-01-26
CUST0347,Customer 347,2023-08-28
CUST0348,Customer 348,2022-11-18
CUST0349,Customer 349,2023-06-02
CUST0350,Customer 350,2023-02-19
CUST0351,Customer 351,2022-09-25
CUST0352,Customer 352,2023-02-23
CUST0353,Customer 353,2023-03-04
CUST0354,Customer 354,2023-08-06
CUST0355,Customer 355,2022-11-14
CUST0356,Customer 356,2022-01-25
CUST0357,Customer 357,2024-01-11
CUST0358,Customer 358,2023-08-30
CUST0359,Customer 359,2022-02-24
CUST0360,Customer 360,2023-11-04
CUST0361,Customer 361,2024-01-21
CUST0362,Customer 362,2023-04-10
CUST0363,Customer 363,2024-07-10
CUST0364,Customer 364,2024-02-05
CUST0365,Customer 365,2023-01-11
CUST0366,Customer 366,2024-06-25
CUST0367,Customer 367,2022-05-05
CUST0368,Customer 368,2023-08-29
CUST0369,Customer 369,2022-04-19
CUST0370,Customer 370,2023-02-25
CUST0371,Customer 371,2023-10-15
CUST0372,Customer 372,2023-03-11
CUST0373,Customer 373,2022-11-21
CUST0374,Customer 374,2024-04-23
CUST0375,Customer 375,2022-05-18
CUST0376,Customer 376,2023-04-26
CUST0377,Customer 377,2023-11-11
CUST0378,Customer 378,2023-09-05
CUST0379,Customer 379,2023-08-04
CUST0380,Customer 380,2022-01-04
CUST0381,Customer 381,2024-05-21
CUST0382,Customer 382,2022-04-15
CUST0383,Customer 383,2023-04-22
CUST0384,Customer 384,2022-01-10
CUST0385,Customer 385,2022-02-24
CUST0386,Customer 386,2024-01-04
CUST0387,Customer 387,2022-05-10
CUST0388,Customer 388,2023-05-19
CUST0389,Customer 389,2023-01-24
CUST0390,Customer 390,2022-10-20
CUST0391,Customer 391,2023-01-23
CUST0392,Customer 392,2023-01-30
CUST0393,Customer 393,2023-11-17
CUST0394,Customer 394,2023-12-09
CUST0395,Customer 395,2023-03-30
CUST0396,Customer 396,2024-08-22
CUST0397,Customer 397,2023-08-28
CUST0398,Customer 398,2022-12-21
CUST0399,Customer 399,2024-03-22
CUST0400,Customer 400,2024-06-01
CUST0401,Customer 401,2022-08-07
CUST0402,Customer 402,2024-02-15
CUST0403,Customer 403,2022-03-24
CUST0404,Customer 404,2023-11-22
CUST0405,Customer 405,2023-10-31
CUST0406,Customer 406,2023-12-30
CUST0407,Customer 407,2024-01-15
CUST0408,Customer 408,2024-08-22
CUST0409,Customer 409,2024-05-06
CUST0410,Customer 410,2022-04-23
CUST0411,Customer 411,2023-05-25
CUST0412,Customer 412,2022-01-13
CUST0413,Customer 413,2022-02-15
CUST0414,Customer 414,2023-12-12
CUST0415,Customer 415,2022-11-08
CUST0416,Customer 416,2023-03-26
CUST0417,Customer 417,2022-06-07
CUST0418,Customer 418,2024-06-04
CUST0419,Customer 419,2022-02-13
CUST0420,Customer 420,2024-09-07
CUST0421,Customer 421,2022-01-10
CUST0422,Customer 422,2022-07-21
CUST0423,Customer 423,2024-08-01
CUST0424,Customer 424,2023-09-25
CUST0425,Customer 425,2024-08-29
CUST0426,Customer 426,2023-01-20
CUST0427,Customer 427,2023-03-11
CUST0428,Customer 428,2023-04-21
CUST0429,Customer 429,2024-01-07
CUST0430,Customer 430,2022-01-10
CUST0431,Customer 431,2022-12-25
CUST0432,Customer 432,2023-04-08
CUST0433,Customer 433,2022-02-21
CUST0434,Customer 434,2022-11-01
CUST0435,Customer 435,2024-01-25
CUST0436,Customer 436,2023-04-12
CUST0437,Customer 437,2024-09-03
CUST0438,Customer 438,2023-01-17
CUST0439,Customer 439,2023-12-09
CUST0440,Customer 440,2024-01-03
CUST0441,Customer 441,2024-08-26
CUST0442,Customer 442,2022-10-10
CUST0443,Customer 443,2022-04-13
CUST0444,Customer 444,2023-08-02
CUST0445,Customer 445,2024-08-19
CUST0446,Customer 446,2024-01-10
CUST0447,Customer 447,2024-03-06
CUST0448,Customer 448,2023-02-22
CUST0449,Customer 449,2022-06-16
CUST0450,Customer 450,2024-06-17
CUST0451,Customer 451,2023-11-14
CUST0452,Customer 452,2024-03-13
CUST0453,Customer 453,2024-08-28
CUST0454,Customer 454,2023-11-06
CUST0455,Customer 455,2023-03-28
CUST0456,Customer 456,2024-09-22
CUST0457,Customer 457,2023-02-01
CUST0458,Customer 458,2024-09-23
CUST0459,Customer 459,2022-10-04
CUST0460,Customer 460,2023-02-03
CUST0461,Customer 461,2024-08-17
CUST0462,Customer 462,2023-06-05
CUST0463,Customer 463,2024-05-12
CUST0464,Customer 464,2022-03-04
CUST0465,Customer 465,2022-11-08
CUST0466,Customer 466,2024-01-18
CUST0467,Customer 467,2022-02-05
CUST0468,Customer 468,2024-06-25
CUST0469,Customer 469,2023-05-26
CUST0470,Customer 470,2022-05-21
CUST0471,Customer 471,2023-03-27
CUST0472,Customer 472,2022-06-07
CUST0473,Customer 473,2024-04-24
CUST0474,Customer 474,2023-07-31
CUST0475,Customer 475,2023-12-16
CUST0476,Customer 476,2024-04-16
CUST0477,Customer 477,2023-11-28
CUST0478,Customer 478,2023-08-24
CUST0479,Customer 479,2023-11-08
CUST0480,Customer 480,2024-05-11
CUST0481,Customer 481,2023-11-03
CUST0482,Customer 482,2022-07-24
CUST0483,Customer 483,2022-08-12
CUST0484,Customer 484,2023-07-13
CUST0485,Customer 485,2024-01-06
CUST0486,Customer 486,2022-08-21
CUST0487,Customer 487,2024-04-16
CUST0488,Customer 488,2022-04-01
CUST0489,Customer 489,2024-05-20
CUST0490,Customer 490,2024-07-12
CUST0491,Customer 491,2024-05-14
CUST0492,Customer 492,2022-07-26
CUST0493,Customer 493,2023-12-25
CUST0494,Customer 494,2022-10-28
CUST0495,Customer 495,2022-04-13
CUST0496,Customer 496,2023-11-16
CUST0497,Customer 497,2023-01-28
CUST0498,Customer 498,2023-11-07
CUST0499,Customer 499,2024-09-13
CUST0500,Customer 500,2024-04-23
CUST0501,Customer 501,2022-11-29
CUST0502,Customer 502,2023-05-17
CUST0503,Customer 503,2022-11-29
CUST0504,Customer 504,2022-11-05
CUST0505,Customer 505,2024-08-17
CUST0506,Customer 506,2024-08-11
CUST0507,Customer 507,2023-02-22
CUST0508,Customer 508,2022-12-29
CUST0509,Customer 509,2023-10-02
CUST0510,Customer 510,2024-03-05
CUST0511,Customer 511,2022-02-17
CUST0512,Customer 512,2023-08-25
CUST0513,Customer 513,2022-08-15
CUST0514,Customer 514,2022-08-06
CUST0515,Customer 515,2023-07-30
CUST0516,Customer 516,2023-03-05
CUST0517,Customer 517,2023-02-26
CUST0518,Customer 518,2023-10-29
CUST0519,Customer 519,2023-10-21
CUST0520,Customer 520,2022-09-09
CUST0521,Customer 521,2022-12-13
CUST0522,Customer 522,2023-05-14
CUST0523,Customer 523,2024-03-26
CUST0524,Customer 524,2023-09-04
CUST0525,Customer 525,2022-08-19
CUST0526,Customer 526,2023-02-07
CUST0527,Customer 527,2024-07-07
CUST0528,Customer 528,2022-01-06
CUST0529,Customer 529,2023-09-23
CUST0530,Customer 530,2024-03-26
CUST0531,Customer 531,2023-07-24
CUST0532,Customer 532,2022-05-01
CUST0533,Customer 533,2023-08-17
CUST0534,Customer 534,2024-04-17
CUST0535,Customer 535,2022-11-17
CUST0536,Customer 536,2024-01-01
CUST0537,Customer 537,2022-01-09
CUST0538,Customer 538,2024-08-29
CUST0539,Customer 539,2023-07-27
CUST0540,Customer 540,2022-09-27
CUST0541,Customer 541,2022-04-24
CUST0542,Customer 542,2024-01-07
CUST0543,Customer 543,2023-03-15
CUST0544,Customer 544,2023-01-20
CUST0545,Customer 545,2022-12-28
CUST0546,Customer 546,2022-06-21
CUST0547,Customer 547,2024-07-07
CUST0548,Customer 548,2023-07-06
CUST0549,Customer 549,2023-10-10
CUST0550,Customer 550,2023-08-01
CUST0551,Customer 551,2023-07-07
CUST0552,Customer 552,2023-04-18
CUST0553,Customer 553,2024-01-14
CUST0554,Customer 554,2023-11-25
CUST0555,Customer 555,2024-06-09
CUST0556,Customer 556,2023-07-01
CUST0557,Customer 557,2023-04-29
CUST0558,Customer 558,2022-08-22
CUST0559,Customer 559,2022-06-15
CUST0560,Customer 560,2024-08-03
CUST0561,Customer 561,2023-07-28
CUST0562,Customer 562,2023-09-30
CUST0563,Customer 563,2023-05-24
CUST0564,Customer 564,2024-08-31
CUST0565,Customer 565,2023-07-12
CUST0566,Customer 566,2023-09-28
CUST0567,Customer 567,2023-08-25
CUST0568,Customer 568,2022-07-15
CUST0569,Customer 569,2023-11-24
CUST0570,Customer 570,2024-03-25
CUST0571,Customer 571,2022-08-04
CUST0572,Customer 572,2022-04-01
CUST0573,Customer 573,2022-06-21
CUST0574,Customer 574,2024-02-26
CUST0575,Customer 575,2023-01-10
CUST0576,Customer 576,2023-07-26
CUST0577,Customer 577,2023-01-30
CUST0578,Customer 578,2023-05-20
CUST0579,Customer 579,2024-06-01
CUST0580,Customer 580,2022-10-05
CUST0581,Customer 581,2022-02-05
CUST0582,Customer 582,2023-06-25
CUST0583,Customer 583,2023-11-21
CUST0584,Customer 584,2024-01-17
CUST0585,Customer 585,2023-09-06
CUST0586,Customer 586,2024-09-21
CUST0587,Customer 587,2022-01-23
CUST0588,Customer 588,2022-04-13
CUST0589,Customer 589,2023-02-08
CUST0590,Customer 590,2024-01-17
CUST0591,Customer 591,2022-02-07
CUST0592,Customer 592,2022-02-08
CUST0593,Customer 593,2022-07-09
CUST0594,Customer 594,2023-11-16
CUST0595,Customer 595,2024-01-28
CUST0596,Customer 596,2022-11-10
CUST0597,Customer 597,2022-03-18
CUST0598,Customer 598,2024-04-21
CUST0599,Customer 599,2024-05-11
CUST0600,Customer 600,2023-03-08
CUST0601,Customer 601,2022-08-27
CUST0602,Customer 602,2023-03-21
CUST0603,Customer 603,2022-08-09
CUST0604,Customer 604,2022-02-26
CUST0605,Customer 605,2024-09-04
CUST0606,Customer 606,2022-06-09
CUST0607,Customer 607,2023-07-17
CUST0608,Customer 608,2024-04-19
CUST0609,Customer 609,2022-07-01
CUST0610,Customer 610,2023-03-27
CUST0611,Customer 611,2022-01-21
CUST0612,Customer 612,2022-03-17
CUST0613,Customer 613,2023-04-13
CUST0614,Customer 614,2022-10-22
CUST0615,Customer 615,2022-06-15
CUST0616,Customer 616,2024-06-28
CUST0617,Customer 617,2024-02-02
CUST0618,Customer 618,2023-02-02
CUST0619,Customer 619,2022-08-12
CUST0620,Customer 620,2022-02-22
CUST0621,Customer 621,2022-10-29
CUST0622,Customer 622,2023-09-10
CUST0623,Customer 623,2022-01-13
CUST0624,Customer 624,2023-07-12
CUST0625,Customer 625,2022-06-26
CUST0626,Customer 626,2022-01-14
CUST0627,Customer 627,2023-12-07
CUST0628,Customer 628,2022-10-01
CUST0629,Customer 629,2022-11-07
CUST0630,Customer 630,2022-01-13
CUST0631,Customer 631,2022-02-18
CUST0632,Customer 632,2024-04-07
CUST0633,Customer 633,2023-04-03
CUST0634,Customer 634,2022-10-25
CUST0635,Customer 635,2024-03-10
CUST0636,Customer 636,2024-04-01
CUST0637,Customer 637,2022-03-31
CUST0638,Customer 638,2022-05-10
CUST0639,Customer 639,2022-01-18
CUST0640,Customer 640,2024-03-13
CUST0641,Customer 641,2024-07-20
CUST0642,Customer 642,2023-12-08
CUST0643,Customer 643,2024-07-01
CUST0644,Customer 644,2022-04-07
CUST0645,Customer 645,2022-09-07
CUST0646,Customer 646,2023-03-18
CUST0647,Customer 647,2023-10-21
CUST0648,Customer 648,2023-12-08
CUST0649,Customer 649,2022-05-03
CUST0650,Customer 650,2022-10-02
CUST0651,Customer 651,2023-05-24
CUST0652,Customer 652,2022-02-14
CUST0653,Customer 653,2022-11-11
CUST0654,Customer 654,2023-09-08
CUST0655,Customer 655,2022-07-13
CUST0656,Customer 656,2023-12-18
CUST0657,Customer 657,2022-06-13
CUST0658,Customer 658,2023-04-05
CUST0659,Customer 659,2024-07-04
CUST0660,Customer 660,2023-05-20
CUST0661,Customer 661,2023-04-25
CUST0662,Customer 662,2024-06-17
CUST0663,Customer 663,2023-06-02
CUST0664,Customer 664,2023-09-28
CUST0665,Customer 665,2024-08-30
CUST0666,Customer 666,2024-07-22
CUST0667,Customer 667,2022-05-12
CUST0668,Customer 668,2024-01-15
CUST0669,Customer 669,2024-03-22
CUST0670,Customer 670,2022-01-25
CUST0671,Customer 671,2023-04-14
CUST0672,Customer 672,2022-01-11
CUST0673,Customer 673,2023-05-15
CUST0674,Customer 674,2022-03-16
CUST0675,Customer 675,2023-12-08
CUST0676,Customer 676,2022-04-13
CUST0677,Customer 677,2022-02-05
CUST0678,Customer 678,2022-03-30
CUST0679,Customer 679,2022-10-21
CUST0680,Customer 680,2023-06-14
CUST0681,Customer 681,2023-11-20
CUST0682,Customer 682,2022-12-25
CUST0683,Customer 683,2024-02-17
CUST0684,Customer 684,2023-05-26
CUST0685,Customer 685,2023-08-31
CUST0686,Customer 686,2024-02-03
CUST0687,Customer 687,2023-04-01
CUST0688,Customer 688,2022-05-13
CUST0689,Customer 689,2024-07-06
CUST0690,Customer 690,2022-01-24
CUST0691,Customer 691,2024-02-07
CUST0692,Customer 692,2023-03-17
CUST0693,Customer 693,2022-11-27
CUST0694,Customer 694,2022-08-31
CUST0695,Customer 695,2023-09-30
CUST0696,Customer 696,2022-07-06
CUST0697,Customer 697,2022-08-02
CUST0698,Customer 698,2022-11-16
CUST0699,Customer 699,2024-03-27
CUST0700,Customer 700,2022-04-03
CUST0701,Customer 701,2024-05-10
CUST0702,Customer 702,2024-09-13
CUST0703,Customer 703,2022-12-19
CUST0704,Customer 704,2024-01-12
CUST0705,Customer 705,2024-01-05
CUST0706,Customer 706,2023-08-30
CUST0707,Customer 707,2024-09-17
CUST0708,Customer 708,2023-05-14
CUST0709,Customer 709,2024-06-10
CUST0710,Customer 710,2023-08-12
CUST0711,Customer 711,2024-04-09
CUST0712,Customer 712,2024-07-07
CUST0713,Customer 713,2023-02-19
CUST0714,Customer 714,2022-11-01
CUST0715,Customer 715,2024-09-05
CUST0716,Customer 716,2023-08-28
CUST0717,Customer 717,2022-10-01
CUST0718,Customer 718,2024-02-22
CUST0719,Customer 719,2022-09-20
CUST0720,Customer 720,2024-09-01
CUST0721,Customer 721,2023-02-14
CUST0722,Customer 722,2022-02-14
CUST0723,Customer 723,2023-01-05
CUST0724,Customer 724,2022-05-17
CUST0725,Customer 725,2023-06-03
CUST0726,Customer 726,2022-07-16
CUST0727,Customer 727,2024-07-19
CUST0728,Customer 728,2023-05-07
CUST0729,Customer 729,2023-04-08
CUST0730,Customer 730,2023-05-26
CUST0731,Customer 731,2023-03-28
CUST0732,Customer 732,2023-09-23
CUST0733,Customer 733,2022-07-09
CUST0734,Customer 734,2022-02-17
CUST0735,Customer 735,2022-03-02
CUST0736,Customer 736,2024-03-06
CUST0737,Customer 737,2024-01-15
CUST0738,Customer 738,2023-03-17
CUST0739,Customer 739,2024-03-14
CUST0740,Customer 740,2022-08-05
CUST0741,Customer 741,2022-09-26
CUST0742,Customer 742,2024-01-07
CUST0743,Customer 743,2022-04-10
CUST0744,Customer 744,2022-06-08
CUST0745,Customer 745,2022-05-08
CUST0746,Customer 746,2022-02-13
CUST0747,Customer 747,2023-03-22
CUST0748,Customer 748,2024-03-31
CUST0749,Customer 749,2022-02-09
CUST0750,Customer 750,2023-04-28
CUST0751,Customer 751,2023-02-06
CUST0752,Customer 752,2024-02-15
CUST0753,Customer 753,2023-02-13
CUST0754,Customer 754,2023-06-28
CUST0755,Customer 755,2024-08-05
CUST0756,Customer 756,2023-05-21
CUST0757,Customer 757,2024-08-26
CUST0758,Customer 758,2023-05-12
CUST0759,Customer 759,2023-04-16
CUST0760,Customer 760,2022-10-04
CUST0761,Customer 761,2023-08-12
CUST0762,Customer 762,2023-05-07
CUST0763,Customer 763,2024-09-07
CUST0764,Customer 764,2022-06-30
CUST0765,Customer 765,2022-12-26
CUST0766,Customer 766,2023-12-03
CUST0767,Customer 767,2023-04-22
CUST0768,Customer 768,2023-03-23
CUST0769,Customer 769,2023-11-29
CUST0770,Customer 770,2022-06-24
CUST0771,Customer 771,2023-08-25
CUST0772,Customer 772,2023-01-06
CUST0773,Customer 773,2023-06-13
CUST0774,Customer 774,2024-04-19
CUST0775,Customer 775,2022-12-27
CUST0776,Customer 776,2024-09-05
CUST0777,Customer 777,2022-12-02
CUST0778,Customer 778,2024-06-02
CUST0779,Customer 779,2022-04-30
CUST0780,Customer 780,2022-06-15
CUST0781,Customer 781,2022-11-15
CUST0782,Customer 782,2023-07-07
CUST0783,Customer 783,2022-09-30
CUST0784,Customer 784,2022-12-24
CUST0785,Customer 785,2022-08-12
CUST0786,Customer 786,2023-12-06
CUST0787,Customer 787,2023-09-04
CUST0788,Customer 788,2023-07-26
CUST0789,Customer 789,2023-01-17
CUST0790,Customer 790,2024-03-31
CUST0791,Customer 791,2023-01-12
CUST0792,Customer 792,2022-08-13
CUST0793,Customer 793,2024-08-11
CUST0794,Customer 794,2023-05-18
CUST0795,Customer 795,2023-11-23
CUST0796,Customer 796,2023-08-29
CUST0797,Customer 797,2022-11-03
CUST0798,Customer 798,2023-04-03
CUST0799,Customer 799,2024-05-22
CUST0800,Customer 800,2024-06-04
CUST0801,Customer 801,2022-04-03
CUST0802,Customer 802,2022-05-14
CUST0803,Customer 803,2022-07-09
CUST0804,Customer 804,2023-07-16
CUST0805,Customer 805,2023-12-21
CUST0806,Customer 806,2022-03-31
CUST0807,Customer 807,2024-06-19
CUST0808,Customer 808,2023-01-19
CUST0809,Customer 809,2024-08-02
CUST0810,Customer 810,2023-05-09
CUST0811,Customer 811,2022-10-16
CUST0812,Customer 812,2023-06-28
CUST0813,Customer 813,2024-06-25
CUST0814,Customer 814,2022-12-07
CUST0815,Customer 815,2024-06-13
CUST0816,Customer 816,2024-06-21
CUST0817,Customer 817,2022-04-12
CUST0818,Customer 818,2022-07-29
CUST0819,Customer 819,2024-08-15
CUST0820,Customer 820,2022-10-13
CUST0821,Customer 821,2024-05-17
CUST0822,Customer 822,2024-04-01
CUST0823,Customer 823,2022-01-14
CUST0824,Customer 824,2023-09-06
CUST0825,Customer 825,2022-01-15
CUST0826,Customer 826,2023-12-28
CUST0827,Customer 827,2024-08-16
CUST0828,Customer 828,2023-05-06
CUST0829,Customer 829,2024-01-13
CUST0830,Customer 830,2023-12-20
CUST0831,Customer 831,2024-04-17
CUST0832,Customer 832,2023-06-11
CUST0833,Customer 833,2022-05-29
CUST0834,Customer 834,2024-07-14
CUST0835,Customer 835,2022-10-17
CUST0836,Customer 836,2023-04-11
CUST0837,Customer 837,2023-03-24
CUST0838,Customer 838,2022-03-24
CUST0839,Customer 839,2022-01-04
CUST0840,Customer 840,2022-05-11
CUST0841,Customer 841,2022-03-23
CUST0842,Customer 842,2022-04-08
CUST0843,Customer 843,2023-10-01
CUST0844,Customer 844,2022-03-10
CUST0845,Customer 845,2022-10-18
CUST0846,Customer 846,2024-08-28
CUST0847,Customer 847,2023-10-17
CUST0848,Customer 848,2022-01-23
CUST0849,Customer 849,2023-02-02
CUST0850,Customer 850,2023-05-04
CUST0851,Customer 851,2023-04-26
CUST0852,Customer 852,2022-07-18
CUST0853,Customer 853,2024-08-22
CUST0854,Customer 854,2023-03-13
CUST0855,Customer 855,2022-12-14
CUST0856,Customer 856,2022-09-07
CUST0857,Customer 857,2022-10-28
CUST0858,Customer 858,2022-09-12
CUST0859,Customer 859,2022-02-24
CUST0860,Customer 860,2024-06-09
CUST0861,Customer 861,2023-09-07
CUST0862,Customer 862,2022-05-06
CUST0863,Customer 863,2022-08-20
CUST0864,Customer 864,2022-09-30
CUST0865,Customer 865,2022-03-26
CUST0866,Customer 866,2024-07-05
CUST0867,Customer 867,2023-05-14
CUST0868,Customer 868,2023-09-18
CUST0869,Customer 869,2023-03-25
CUST0870,Customer 870,2022-07-21
CUST0871,Customer 871,2024-08-30
CUST0872,Customer 872,2023-01-29
CUST0873,Customer 873,2023-10-18
CUST0874,Customer 874,2023-01-04
CUST0875,Customer 875,2022-05-23
CUST0876,Customer 876,2024-01-21
CUST0877,Customer 877,2022-08-28
CUST0878,Customer 878,2022-09-11
CUST0879,Customer 879,2024-06-08
CUST0880,Customer 880,2022-03-24
CUST0881,Customer 881,2024-01-23
CUST0882,Customer 882,2024-01-06
CUST0883,Customer 883,2022-01-04
CUST0884,Customer 884,2022-01-05
CUST0885,Customer 885,2022-08-23
CUST0886,Customer 886,2023-07-22
CUST0887,Customer 887,2024-07-27
CUST0888,Customer 888,2022-04-12
CUST0889,Customer 889,2022-05-27
CUST0890,Customer 890,2024-03-10
CUST0891,Customer 891,2024-02-19
CUST0892,Customer 892,2024-09-01
CUST0893,Customer 893,2022-07-12
CUST0894,Customer 894,2022-03-04
CUST0895,Customer 895,2023-08-22
CUST0896,Customer 896,2022-03-17
CUST0897,Customer 897,2023-07-30
CUST0898,Customer 898,2022-05-05
CUST0899,Customer 899,2023-06-03
CUST0900,Customer 900,2024-05-11
CUST0901,Customer 901,2023-03-15
CUST0902,Customer 902,2023-07-10
CUST0903,Customer 903,2023-06-02
CUST0904,Customer 904,2023-08-01
CUST0905,Customer 905,2023-09-18
CUST0906,Customer 906,2024-05-20
CUST0907,Customer 907,2023-12-05
CUST0908,Customer 908,2023-10-27
CUST0909,Customer 909,2024-09-07
CUST0910,Customer 910,2022-12-08
CUST0911,Customer 911,2023-05-13
CUST0912,Customer 912,2022-12-01
CUST0913,Customer 913,2022-02-07
CUST0914,Customer 914,2023-04-13
CUST0915,Customer 915,2024-02-04
CUST0916,Customer 916,2023-06-18
CUST0917,Customer 917,2024-07-23
CUST0918,Customer 918,2022-05-08
CUST0919,Customer 919,2024-07-25
CUST0920,Customer 920,2022-11-16
CUST0921,Customer 921,2023-09-25
CUST0922,Customer 922,2022-11-06
CUST0923,Customer 923,2024-04-12
CUST0924,Customer 924,2023-06-06
CUST0925,Customer 925,2023-07-06
CUST0926,Customer 926,2024-06-27
CUST0927,Customer 927,2023-10-01
CUST0928,Customer 928,2022-04-21
CUST0929,Customer 929,2024-04-20
CUST0930,Customer 930,2022-06-24
CUST0931,Customer 931,2024-02-26
CUST0932,Customer 932,2023-08-05
CUST0933,Customer 933,2022-08-07
CUST0934,Customer 934,2022-12-26
CUST0935,Customer 935,2024-05-11
CUST0936,Customer 936,2022-02-22
CUST0937,Customer 937,2023-08-18
CUST0938,Customer 938,2023-08-05
CUST0939,Customer 939,2023-07-06
CUST0940,Customer 940,2023-05-05
CUST0941,Customer 941,2023-11-28
CUST0942,Customer 942,2023-05-05
CUST0943,Customer 943,2023-06-08
CUST0944,Customer 944,2022-02-19
CUST0945,Customer 945,2023-09-26
CUST0946,Customer 946,2022-01-02
CUST0947,Customer 947,2022-03-31
CUST0948,Customer 948,2022-03-30
CUST0949,Customer 949,2022-08-19
CUST0950,Customer 950,2024-09-03
CUST0951,Customer 951,2022-03-17
CUST0952,Customer 952,2022-01-01
CUST0953,Customer 953,2024-06-01
CUST0954,Customer 954,2024-06-11
CUST0955,Customer 955,2022-10-27
CUST0956,Customer 956,2022-04-07
CUST0957,Customer 957,2023-06-27
CUST0958,Customer 958,2022-10-14
CUST0959,Customer 959,2022-02-07
CUST0960,Customer 960,2023-10-24
CUST0961,Customer 961,2024-01-29
CUST0962,Customer 962,2023-03-14
CUST0963,Customer 963,2023-05-23
CUST0964,Customer 964,2023-06-28
CUST0965,Customer 965,2022-06-27
CUST0966,Customer 966,2023-10-22
CUST0967,Customer 967,2022-05-06
CUST0968,Customer 968,2022-09-24
CUST0969,Customer 969,2022-05-08
CUST0970,Customer 970,2024-06-13
CUST0971,Customer 971,2024-03-21
CUST0972,Customer 972,2023-07-12
CUST0973,Customer 973,2022-06-23
CUST0974,Customer 974,2024-03-03
CUST0975,Customer 975,2023-12-18
CUST0976,Customer 976,2023-06-15
CUST0977,Customer 977,2022-04-16
CUST0978,Customer 978,2024-02-20
CUST0979,Customer 979,2024-02-08
CUST0980,Customer 980,2022-09-29
CUST0981,Customer 981,2022-09-02
CUST0982,Customer 982,2022-10-19
CUST0983,Customer 983,2022-05-23
CUST0984,Customer 984,2022-02-01
CUST0985,Customer 985,2023-11-17
CUST0986,Customer 986,2022-12-28
CUST0987,Customer 987,2022-10-14
CUST0988,Customer 988,2023-05-13
CUST0989,Customer 989,2022-12-07
CUST0990,Customer 990,2023-12-31
CUST0991,Customer 991,2023-06-12
CUST0992,Customer 992,2023-12-25
CUST0993,Customer 993,2022-03-11
CUST0994,Customer 994,2023-05-03
CUST0995,Customer 995,2023-06-21
CUST0996,Customer 996,2022-04-18
CUST0997,Customer 997,2022-10-28
CUST0998,Customer 998,2022-07-11
CUST0999,Customer 999,2022-03-08
CUST1000,Customer 1000,2023-10-28
